depot,fleet_size,mode,configuration,metric,n,mean,standard_deviation,bootstrap_ci95_low,bootstrap_ci95_high
depot_a,8,altruistic,full_agentic,operationally_feasible,3,1.0,0.0,1.0,1.0
depot_a,8,altruistic,full_agentic,mode_aligned_economic_score,3,-121.88195689313038,0.6217286486197818,-122.24091209577391,-121.1640464878433
depot_a,8,altruistic,full_agentic,run_wall_seconds,3,68.78210333333334,3.741487594150262,65.487488,72.849713
depot_a,8,altruistic,full_agentic,run_process_cpu_seconds,3,9.84375,0.16312978920172735,9.734375,10.03125
depot_a,8,altruistic,full_agentic,run_peak_rss_mb,3,340.8916666666667,0.9836728792303482,339.855,341.81200000000007
depot_a,8,altruistic,full_agentic,llm_latency_seconds,3,60.22525533333334,3.855989395805746,56.791410000000006,64.396803
depot_a,8,altruistic,full_agentic,llm_total_tokens,3,112432.66666666667,1659.547327837725,111384.0,114346.0
depot_a,8,altruistic,full_agentic,llm_approximate_cost_usd,3,0.022960873333333336,0.0011749034926466664,0.02163031,0.0238555
depot_a,8,altruistic,full_agentic,optimizer_latency_seconds_mean,3,3.4406463333333335,0.06442504868126495,3.3848125000000002,3.511137
depot_a,8,altruistic,full_agentic,optimizer_process_cpu_seconds_mean,3,3.5755208333333335,0.07864410870073699,3.4921875,3.6484375
depot_a,8,altruistic,full_agentic,solver_wall_seconds_mean,3,0.18589116666666664,0.006759555021104091,0.17966000000000001,0.1930775
depot_a,8,altruistic,full_agentic,solver_wall_seconds_max,3,0.20553999999999997,0.0036355793210986337,0.201469,0.20846299999999998
depot_a,8,altruistic,full_agentic,solver_model_variables_max,3,5220.0,0.0,5220.0,5220.0
depot_a,8,altruistic,full_agentic,solver_model_constraints_max,3,3454.0,0.0,3454.0,3454.0
depot_a,8,altruistic,full_agentic,solver_branch_and_bound_nodes_max,0,,0.0,,
depot_a,8,altruistic,full_agentic,solver_iterations_max,0,,0.0,,
depot_a,8,altruistic,rule_text_event_trigger,operationally_feasible,3,1.0,0.0,1.0,1.0
depot_a,8,altruistic,rule_text_event_trigger,mode_aligned_economic_score,3,-122.2409120957737,0.0,-122.2409120957737,-122.2409120957737
depot_a,8,altruistic,rule_text_event_trigger,run_wall_seconds,3,8.293719333333334,0.0803401545575651,8.20159,8.349201
depot_a,8,altruistic,rule_text_event_trigger,run_process_cpu_seconds,3,8.46875,0.027063293868263706,8.4375,8.484375
depot_a,8,altruistic,rule_text_event_trigger,run_peak_rss_mb,3,275.07033333333334,16.20752668772546,256.363,284.883
depot_a,8,altruistic,rule_text_event_trigger,llm_latency_seconds,3,0.0,0.0,0.0,0.0
depot_a,8,altruistic,rule_text_event_trigger,llm_total_tokens,3,0.0,0.0,0.0,0.0
depot_a,8,altruistic,rule_text_event_trigger,llm_approximate_cost_usd,3,0.0,0.0,0.0,0.0
depot_a,8,altruistic,rule_text_event_trigger,optimizer_latency_seconds_mean,3,3.319051,0.03547838757962364,3.2809484999999996,3.3511355
depot_a,8,altruistic,rule_text_event_trigger,optimizer_process_cpu_seconds_mean,3,3.4088541666666665,0.02957764763437643,3.375,3.4296875
depot_a,8,altruistic,rule_text_event_trigger,solver_wall_seconds_mean,3,0.18514516666666667,0.0009438289481326672,0.184597,0.1862349999999999
depot_a,8,altruistic,rule_text_event_trigger,solver_wall_seconds_max,3,0.194465,0.0014837429022576567,0.192754,0.19539699999999996
depot_a,8,altruistic,rule_text_event_trigger,solver_model_variables_max,3,5220.0,0.0,5220.0,5220.0
depot_a,8,altruistic,rule_text_event_trigger,solver_model_constraints_max,3,3454.0,0.0,3454.0,3454.0
depot_a,8,altruistic,rule_text_event_trigger,solver_branch_and_bound_nodes_max,0,,0.0,,
depot_a,8,altruistic,rule_text_event_trigger,solver_iterations_max,0,,0.0,,
depot_a,8,selfish,full_agentic,operationally_feasible,3,1.0,0.0,1.0,1.0
depot_a,8,selfish,full_agentic,mode_aligned_economic_score,3,28.253908895196208,0.82897153149281,27.29669502148039,28.73251583205412
depot_a,8,selfish,full_agentic,run_wall_seconds,3,68.04985833333332,3.9156878474202164,64.565424,72.287401
depot_a,8,selfish,full_agentic,run_process_cpu_seconds,3,9.4375,0.071602745233685,9.359375,9.5
depot_a,8,selfish,full_agentic,run_peak_rss_mb,3,330.93733333333336,16.787044568158333,311.566,341.23
depot_a,8,selfish,full_agentic,llm_latency_seconds,3,59.643825666666665,3.9485007442947695,56.137245,63.920719999999996
depot_a,8,selfish,full_agentic,llm_total_tokens,3,113686.66666666667,2047.5864654107609,112497.0,116051.0
depot_a,8,selfish,full_agentic,llm_approximate_cost_usd,3,0.02366891,0.0017662596209787518,0.02194274,0.0254727
depot_a,8,selfish,full_agentic,optimizer_latency_seconds_mean,3,3.3562368333333334,0.00879770835691506,3.3462005,3.3626165
depot_a,8,selfish,full_agentic,optimizer_process_cpu_seconds_mean,3,3.3697916666666665,0.022552744890219755,3.34375,3.3828125
depot_a,8,selfish,full_agentic,solver_wall_seconds_mean,3,0.1554886666666667,0.003650191170792749,0.1533645,0.1597035
depot_a,8,selfish,full_agentic,solver_wall_seconds_max,3,0.162516,0.0029788163756767575,0.159277,0.165138
depot_a,8,selfish,full_agentic,solver_model_variables_max,3,5220.0,0.0,5220.0,5220.0
depot_a,8,selfish,full_agentic,solver_model_constraints_max,3,3454.0,0.0,3454.0,3454.0
depot_a,8,selfish,full_agentic,solver_branch_and_bound_nodes_max,0,,0.0,,
depot_a,8,selfish,full_agentic,solver_iterations_max,0,,0.0,,
depot_a,8,selfish,rule_text_event_trigger,operationally_feasible,3,1.0,0.0,1.0,1.0
depot_a,8,selfish,rule_text_event_trigger,mode_aligned_economic_score,3,28.7325158320542,0.0,28.7325158320542,28.7325158320542
depot_a,8,selfish,rule_text_event_trigger,run_wall_seconds,3,8.125943999999999,0.008741570739861607,8.116522,8.133791
depot_a,8,selfish,rule_text_event_trigger,run_process_cpu_seconds,3,8.182291666666666,0.023867581744561668,8.15625,8.203125
depot_a,8,selfish,rule_text_event_trigger,run_peak_rss_mb,3,283.6376666666667,0.6566660744497985,282.898,284.152
depot_a,8,selfish,rule_text_event_trigger,llm_latency_seconds,3,0.0,0.0,0.0,0.0
depot_a,8,selfish,rule_text_event_trigger,llm_total_tokens,3,0.0,0.0,0.0,0.0
depot_a,8,selfish,rule_text_event_trigger,llm_approximate_cost_usd,3,0.0,0.0,0.0,0.0
depot_a,8,selfish,rule_text_event_trigger,optimizer_latency_seconds_mean,3,3.240456833333333,0.0212396383227995,3.216189,3.255661
depot_a,8,selfish,rule_text_event_trigger,optimizer_process_cpu_seconds_mean,3,3.2864583333333335,0.02957764763437643,3.265625,3.3203125
depot_a,8,selfish,rule_text_event_trigger,solver_wall_seconds_mean,3,0.1633635,0.004640928597813159,0.1580595,0.166678
depot_a,8,selfish,rule_text_event_trigger,solver_wall_seconds_max,3,0.17270833333333332,0.00475480097725797,0.167257,0.17600000000000002
depot_a,8,selfish,rule_text_event_trigger,solver_model_variables_max,3,5220.0,0.0,5220.0,5220.0
depot_a,8,selfish,rule_text_event_trigger,solver_model_constraints_max,3,3454.0,0.0,3454.0,3454.0
depot_a,8,selfish,rule_text_event_trigger,solver_branch_and_bound_nodes_max,0,,0.0,,
depot_a,8,selfish,rule_text_event_trigger,solver_iterations_max,0,,0.0,,
depot_a,16,altruistic,full_agentic,operationally_feasible,3,1.0,0.0,1.0,1.0
depot_a,16,altruistic,full_agentic,mode_aligned_economic_score,3,-230.3904922399923,0.0,-230.3904922399923,-230.3904922399923
depot_a,16,altruistic,full_agentic,run_wall_seconds,3,72.259412,3.422001708676223,69.607863,76.122323
depot_a,16,altruistic,full_agentic,run_process_cpu_seconds,3,18.052083333333332,3.026144755845849,16.03125,21.53125
depot_a,16,altruistic,full_agentic,run_peak_rss_mb,3,369.7383333333333,4.230131715837375,367.18,374.6209999999999
depot_a,16,altruistic,full_agentic,llm_latency_seconds,3,61.38829166666667,3.578046044233686,58.579834,65.416799
depot_a,16,altruistic,full_agentic,llm_total_tokens,3,147668.0,1694.898522036054,146612.0,149623.0
depot_a,16,altruistic,full_agentic,llm_approximate_cost_usd,3,0.03074348,0.0014217856686927189,0.02919581,0.03199167
depot_a,16,altruistic,full_agentic,optimizer_latency_seconds_mean,3,4.5055625,0.043937195373054974,4.4743725,4.555811
depot_a,16,altruistic,full_agentic,optimizer_process_cpu_seconds_mean,3,7.440104166666667,1.519131200016833,6.375,9.1796875
depot_a,16,altruistic,full_agentic,solver_wall_seconds_mean,3,1.0037596666666666,0.04894620000657184,0.9613,1.0572945
depot_a,16,altruistic,full_agentic,solver_wall_seconds_max,3,1.0272456666666667,0.07582260270746011,0.966533,1.112233
depot_a,16,altruistic,full_agentic,solver_model_variables_max,3,19620.0,0.0,19620.0,19620.0
depot_a,16,altruistic,full_agentic,solver_model_constraints_max,3,11449.0,0.0,11449.0,11449.0
depot_a,16,altruistic,full_agentic,solver_branch_and_bound_nodes_max,0,,0.0,,
depot_a,16,altruistic,full_agentic,solver_iterations_max,0,,0.0,,
depot_a,16,altruistic,rule_text_event_trigger,operationally_feasible,3,1.0,0.0,1.0,1.0
depot_a,16,altruistic,rule_text_event_trigger,mode_aligned_economic_score,3,-232.9059689326934,0.0,-232.9059689326934,-232.9059689326934
depot_a,16,altruistic,rule_text_event_trigger,run_wall_seconds,3,10.585771666666668,0.050123439749615153,10.533668,10.633647
depot_a,16,altruistic,rule_text_event_trigger,run_process_cpu_seconds,3,15.088541666666666,0.2734746998505225,14.8125,15.359375
depot_a,16,altruistic,rule_text_event_trigger,run_peak_rss_mb,3,316.76300000000003,0.6488243213690355,316.047,317.312
depot_a,16,altruistic,rule_text_event_trigger,llm_latency_seconds,3,0.0,0.0,0.0,0.0
depot_a,16,altruistic,rule_text_event_trigger,llm_total_tokens,3,0.0,0.0,0.0,0.0
depot_a,16,altruistic,rule_text_event_trigger,llm_approximate_cost_usd,3,0.0,0.0,0.0,0.0
depot_a,16,altruistic,rule_text_event_trigger,optimizer_latency_seconds_mean,3,4.357027,0.028185448404274217,4.3331685,4.3881265
depot_a,16,altruistic,rule_text_event_trigger,optimizer_process_cpu_seconds_mean,3,6.6171875,0.15249391637455575,6.4609375,6.765625
depot_a,16,altruistic,rule_text_event_trigger,solver_wall_seconds_mean,3,1.0318871666666667,0.006813773997083597,1.027355,1.039723
depot_a,16,altruistic,rule_text_event_trigger,solver_wall_seconds_max,3,1.2194329999999998,0.01518854861400523,1.205766,1.235785
depot_a,16,altruistic,rule_text_event_trigger,solver_model_variables_max,3,19620.0,0.0,19620.0,19620.0
depot_a,16,altruistic,rule_text_event_trigger,solver_model_constraints_max,3,11449.0,0.0,11449.0,11449.0
depot_a,16,altruistic,rule_text_event_trigger,solver_branch_and_bound_nodes_max,0,,0.0,,
depot_a,16,altruistic,rule_text_event_trigger,solver_iterations_max,0,,0.0,,
depot_a,16,selfish,full_agentic,operationally_feasible,3,1.0,0.0,1.0,1.0
depot_a,16,selfish,full_agentic,mode_aligned_economic_score,3,60.84132278127362,0.0,60.84132278127362,60.84132278127362
depot_a,16,selfish,full_agentic,run_wall_seconds,3,71.45480466666667,2.2154801814435925,69.909534,73.993072
depot_a,16,selfish,full_agentic,run_process_cpu_seconds,3,22.067708333333332,1.4215601757693317,20.484375,23.234375
depot_a,16,selfish,full_agentic,run_peak_rss_mb,3,378.599,6.331188829911807,372.387,385.04299999999995
depot_a,16,selfish,full_agentic,llm_latency_seconds,3,60.17011133333333,2.4571856212859324,58.522743,62.994394
depot_a,16,selfish,full_agentic,llm_total_tokens,3,148765.66666666666,1381.8032903902542,147785.0,150346.0
depot_a,16,selfish,full_agentic,llm_approximate_cost_usd,3,0.030742596666666667,0.0013501224603839946,0.02936466,0.03206307
depot_a,16,selfish,full_agentic,optimizer_latency_seconds_mean,3,4.7284576666666664,0.10347257776378875,4.609154,4.7937265
depot_a,16,selfish,full_agentic,optimizer_process_cpu_seconds_mean,3,9.4765625,0.7150465047157772,8.671875,10.0390625
depot_a,16,selfish,full_agentic,solver_wall_seconds_mean,3,1.2316998333333335,0.14164424594502006,1.0689605,1.3272125
depot_a,16,selfish,full_agentic,solver_wall_seconds_max,3,1.3877513333333333,0.2678471345494168,1.080339,1.570874
depot_a,16,selfish,full_agentic,solver_model_variables_max,3,19620.0,0.0,19620.0,19620.0
depot_a,16,selfish,full_agentic,solver_model_constraints_max,3,11449.0,0.0,11449.0,11449.0
depot_a,16,selfish,full_agentic,solver_branch_and_bound_nodes_max,0,,0.0,,
depot_a,16,selfish,full_agentic,solver_iterations_max,0,,0.0,,
depot_a,16,selfish,rule_text_event_trigger,operationally_feasible,3,1.0,0.0,1.0,1.0
depot_a,16,selfish,rule_text_event_trigger,mode_aligned_economic_score,3,60.84132278127412,0.0,60.84132278127412,60.84132278127412
depot_a,16,selfish,rule_text_event_trigger,run_wall_seconds,3,10.317450333333333,0.06244056694436125,10.257754,10.382314
depot_a,16,selfish,rule_text_event_trigger,run_process_cpu_seconds,3,12.630208333333334,0.19411088701650234,12.40625,12.75
depot_a,16,selfish,rule_text_event_trigger,run_peak_rss_mb,3,312.87399999999997,1.209477573169504,312.02,314.258
depot_a,16,selfish,rule_text_event_trigger,llm_latency_seconds,3,0.0,0.0,0.0,0.0
depot_a,16,selfish,rule_text_event_trigger,llm_total_tokens,3,0.0,0.0,0.0,0.0
depot_a,16,selfish,rule_text_event_trigger,llm_approximate_cost_usd,3,0.0,0.0,0.0,0.0
depot_a,16,selfish,rule_text_event_trigger,optimizer_latency_seconds_mean,3,4.216244,0.018394525347233286,4.196623499999999,4.2330995
depot_a,16,selfish,rule_text_event_trigger,optimizer_process_cpu_seconds_mean,3,5.403645833333333,0.07903120263277874,5.3125,5.453125
depot_a,16,selfish,rule_text_event_trigger,solver_wall_seconds_mean,3,0.9113953333333334,0.007399912707818462,0.9051705,0.919577
depot_a,16,selfish,rule_text_event_trigger,solver_wall_seconds_max,3,1.0081306666666665,0.003193753956292346,1.00579,1.011769
depot_a,16,selfish,rule_text_event_trigger,solver_model_variables_max,3,19620.0,0.0,19620.0,19620.0
depot_a,16,selfish,rule_text_event_trigger,solver_model_constraints_max,3,11449.0,0.0,11449.0,11449.0
depot_a,16,selfish,rule_text_event_trigger,solver_branch_and_bound_nodes_max,0,,0.0,,
depot_a,16,selfish,rule_text_event_trigger,solver_iterations_max,0,,0.0,,
depot_a,32,altruistic,full_agentic,operationally_feasible,3,1.0,0.0,1.0,1.0
depot_a,32,altruistic,full_agentic,mode_aligned_economic_score,3,-449.48850707951215,3.133844402483553,-453.1071588982567,-447.6791811701399
depot_a,32,altruistic,full_agentic,run_wall_seconds,3,84.57372666666667,6.659891981478708,79.245109,92.039966
depot_a,32,altruistic,full_agentic,run_process_cpu_seconds,3,48.015625,1.579980345012241,46.84375,49.8125
depot_a,32,altruistic,full_agentic,run_peak_rss_mb,3,814.1640000000001,16.797906506466813,796.285,829.6169999999998
depot_a,32,altruistic,full_agentic,llm_latency_seconds,3,64.12212766666666,4.357267345646159,60.181352,68.801481
depot_a,32,altruistic,full_agentic,llm_total_tokens,3,218015.66666666666,793.2750678883922,217381.0,218905.0
depot_a,32,altruistic,full_agentic,llm_approximate_cost_usd,3,0.04721086333333333,0.002070904380828176,0.04558401,0.04954207
depot_a,32,altruistic,full_agentic,optimizer_latency_seconds_mean,3,9.151855333333332,1.2008600181754467,8.45824,10.538489
depot_a,32,altruistic,full_agentic,optimizer_process_cpu_seconds_mean,3,22.307291666666668,0.7751454206644603,21.7265625,23.1875
depot_a,32,altruistic,full_agentic,solver_wall_seconds_mean,3,4.500892666666666,1.1485199867699663,3.8370045000000004,5.827089
depot_a,32,altruistic,full_agentic,solver_wall_seconds_max,3,5.287256333333334,2.426718397164643,3.869773,8.089325
depot_a,32,altruistic,full_agentic,solver_model_variables_max,3,76068.0,0.0,76068.0,76068.0
depot_a,32,altruistic,full_agentic,solver_model_constraints_max,3,41263.0,0.0,41263.0,41263.0
depot_a,32,altruistic,full_agentic,solver_branch_and_bound_nodes_max,0,,0.0,,
depot_a,32,altruistic,full_agentic,solver_iterations_max,0,,0.0,,
depot_a,32,altruistic,rule_text_event_trigger,operationally_feasible,3,1.0,0.0,1.0,1.0
depot_a,32,altruistic,rule_text_event_trigger,mode_aligned_economic_score,3,-453.10715889826923,6.961868572213853e-14,-453.10715889826923,-453.10715889826923
depot_a,32,altruistic,rule_text_event_trigger,run_wall_seconds,3,19.177457999999998,0.13030846029709642,19.049703,19.310178
depot_a,32,altruistic,rule_text_event_trigger,run_process_cpu_seconds,3,51.421875,0.23333100817293873,51.25,51.6875
depot_a,32,altruistic,rule_text_event_trigger,run_peak_rss_mb,3,761.6419999999999,9.978260569858858,752.9140000000001,772.52
depot_a,32,altruistic,rule_text_event_trigger,llm_latency_seconds,3,0.0,0.0,0.0,0.0
depot_a,32,altruistic,rule_text_event_trigger,llm_total_tokens,3,0.0,0.0,0.0,0.0
depot_a,32,altruistic,rule_text_event_trigger,llm_approximate_cost_usd,3,0.0,0.0,0.0,0.0
depot_a,32,altruistic,rule_text_event_trigger,optimizer_latency_seconds_mean,3,8.519964666666667,0.06431651314074292,8.454704,8.5832935
depot_a,32,altruistic,rule_text_event_trigger,optimizer_process_cpu_seconds_mean,3,24.65625,0.11666550408646936,24.5703125,24.7890625
depot_a,32,altruistic,rule_text_event_trigger,solver_wall_seconds_mean,3,4.083572333333333,0.03848394008002978,4.0421895,4.1182855
depot_a,32,altruistic,rule_text_event_trigger,solver_wall_seconds_max,3,4.732145,0.051411246201584805,4.674229,4.772391
depot_a,32,altruistic,rule_text_event_trigger,solver_model_variables_max,3,76068.0,0.0,76068.0,76068.0
depot_a,32,altruistic,rule_text_event_trigger,solver_model_constraints_max,3,41263.0,0.0,41263.0,41263.0
depot_a,32,altruistic,rule_text_event_trigger,solver_branch_and_bound_nodes_max,0,,0.0,,
depot_a,32,altruistic,rule_text_event_trigger,solver_iterations_max,0,,0.0,,
depot_a,32,selfish,full_agentic,operationally_feasible,3,1.0,0.0,1.0,1.0
depot_a,32,selfish,full_agentic,mode_aligned_economic_score,3,125.5528408020815,0.0,125.5528408020815,125.5528408020815
depot_a,32,selfish,full_agentic,run_wall_seconds,3,78.64841933333334,1.6880883751374907,77.165197,80.48533
depot_a,32,selfish,full_agentic,run_process_cpu_seconds,3,22.265625,0.19008632907181935,22.140625,22.484375
depot_a,32,selfish,full_agentic,run_peak_rss_mb,3,724.7123333333334,0.2095383815279026,724.5120000000001,724.93
depot_a,32,selfish,full_agentic,llm_latency_seconds,3,62.45191066666666,1.5259553201746525,60.927494,63.9794
depot_a,32,selfish,full_agentic,llm_total_tokens,3,217539.33333333334,263.4052644373938,217249.0,217763.0
depot_a,32,selfish,full_agentic,llm_approximate_cost_usd,3,0.04658138666666667,0.002450036045313074,0.04501792000000001,0.04940502
depot_a,32,selfish,full_agentic,optimizer_latency_seconds_mean,3,7.021829333333333,0.16432357507851209,6.845387499999998,7.170494000000001
depot_a,32,selfish,full_agentic,optimizer_process_cpu_seconds_mean,3,9.473958333333334,0.1272582471132356,9.328125,9.5625
depot_a,32,selfish,full_agentic,solver_wall_seconds_mean,3,2.357852333333333,0.0653773393469276,2.3129925,2.4328645
depot_a,32,selfish,full_agentic,solver_wall_seconds_max,3,2.4618646666666666,0.08168033837058555,2.397591,2.553779
depot_a,32,selfish,full_agentic,solver_model_variables_max,3,76068.0,0.0,76068.0,76068.0
depot_a,32,selfish,full_agentic,solver_model_constraints_max,3,41263.0,0.0,41263.0,41263.0
depot_a,32,selfish,full_agentic,solver_branch_and_bound_nodes_max,0,,0.0,,
depot_a,32,selfish,full_agentic,solver_iterations_max,0,,0.0,,
depot_a,32,selfish,rule_text_event_trigger,operationally_feasible,3,1.0,0.0,1.0,1.0
depot_a,32,selfish,rule_text_event_trigger,mode_aligned_economic_score,3,125.3882060946262,0.0,125.3882060946262,125.3882060946262
depot_a,32,selfish,rule_text_event_trigger,run_wall_seconds,3,15.943632999999998,0.12312929067041671,15.805482,16.041804
depot_a,32,selfish,rule_text_event_trigger,run_process_cpu_seconds,3,25.8125,0.078125,25.734375,25.890625
depot_a,32,selfish,rule_text_event_trigger,run_peak_rss_mb,3,673.6823333333333,0.5618267823211802,673.035,674.043
depot_a,32,selfish,rule_text_event_trigger,llm_latency_seconds,3,0.0,0.0,0.0,0.0
depot_a,32,selfish,rule_text_event_trigger,llm_total_tokens,3,0.0,0.0,0.0,0.0
depot_a,32,selfish,rule_text_event_trigger,llm_approximate_cost_usd,3,0.0,0.0,0.0,0.0
depot_a,32,selfish,rule_text_event_trigger,optimizer_latency_seconds_mean,3,6.884265,0.05035631238484396,6.839392,6.938726
depot_a,32,selfish,rule_text_event_trigger,optimizer_process_cpu_seconds_mean,3,11.8359375,0.028168369339562415,11.8125,11.8671875
depot_a,32,selfish,rule_text_event_trigger,solver_wall_seconds_mean,3,2.421365833333333,0.011073665002307711,2.408852,2.4298985
depot_a,32,selfish,rule_text_event_trigger,solver_wall_seconds_max,3,2.444214333333333,0.016627369375019393,2.432486,2.463243
depot_a,32,selfish,rule_text_event_trigger,solver_model_variables_max,3,76068.0,0.0,76068.0,76068.0
depot_a,32,selfish,rule_text_event_trigger,solver_model_constraints_max,3,41263.0,0.0,41263.0,41263.0
depot_a,32,selfish,rule_text_event_trigger,solver_branch_and_bound_nodes_max,0,,0.0,,
depot_a,32,selfish,rule_text_event_trigger,solver_iterations_max,0,,0.0,,
depot_b,8,altruistic,full_agentic,operationally_feasible,3,1.0,0.0,1.0,1.0
depot_b,8,altruistic,full_agentic,mode_aligned_economic_score,3,-190.18971509666835,0.17653096270331714,-190.29163529550542,-189.9858746989942
depot_b,8,altruistic,full_agentic,run_wall_seconds,3,85.65304566666667,3.3717724936244324,81.761176,87.693122
depot_b,8,altruistic,full_agentic,run_process_cpu_seconds,3,14.3125,0.338381372307933,14.0,14.671875
depot_b,8,altruistic,full_agentic,run_peak_rss_mb,3,349.603,2.293080242817498,347.012,351.3709999999999
depot_b,8,altruistic,full_agentic,llm_latency_seconds,3,73.51245,3.1964758261202246,69.858151,75.789079
depot_b,8,altruistic,full_agentic,llm_total_tokens,3,128862.66666666667,1769.4751575914631,127271.0,130768.0
depot_b,8,altruistic,full_agentic,llm_approximate_cost_usd,3,0.02672846,0.0016043965793094929,0.02545493,0.02853042
depot_b,8,altruistic,full_agentic,optimizer_latency_seconds_mean,3,3.4358463333333336,0.10988237157726607,3.3681750000000004,3.5626313333333335
depot_b,8,altruistic,full_agentic,optimizer_process_cpu_seconds_mean,3,3.769097222222222,0.09145532771573574,3.6822916666666665,3.8645833333333335
depot_b,8,altruistic,full_agentic,solver_wall_seconds_mean,3,0.16728933333333332,0.005245533253265177,0.1634153333333333,0.1732586666666666
depot_b,8,altruistic,full_agentic,solver_wall_seconds_max,3,0.24800333333333333,0.01107787508204227,0.240131,0.260671
depot_b,8,altruistic,full_agentic,solver_model_variables_max,3,5220.0,0.0,5220.0,5220.0
depot_b,8,altruistic,full_agentic,solver_model_constraints_max,3,3454.0,0.0,3454.0,3454.0
depot_b,8,altruistic,full_agentic,solver_branch_and_bound_nodes_max,0,,0.0,,
depot_b,8,altruistic,full_agentic,solver_iterations_max,0,,0.0,,
depot_b,8,altruistic,rule_text_event_trigger,operationally_feasible,3,1.0,0.0,1.0,1.0
depot_b,8,altruistic,rule_text_event_trigger,mode_aligned_economic_score,3,-188.86329700317773,3.4809342861069267e-14,-188.86329700317773,-188.86329700317773
depot_b,8,altruistic,rule_text_event_trigger,run_wall_seconds,3,8.448623,0.06810727230626641,8.370259,8.493542
depot_b,8,altruistic,rule_text_event_trigger,run_process_cpu_seconds,3,9.411458333333334,0.14518083192464953,9.3125,9.578125
depot_b,8,altruistic,rule_text_event_trigger,run_peak_rss_mb,3,282.5743333333333,15.222654050241472,265.07,292.715
depot_b,8,altruistic,rule_text_event_trigger,llm_latency_seconds,3,0.0,0.0,0.0,0.0
depot_b,8,altruistic,rule_text_event_trigger,llm_total_tokens,3,0.0,0.0,0.0,0.0
depot_b,8,altruistic,rule_text_event_trigger,llm_approximate_cost_usd,3,0.0,0.0,0.0,0.0
depot_b,8,altruistic,rule_text_event_trigger,optimizer_latency_seconds_mean,3,3.3885039999999997,0.02551313591564157,3.3590745,3.40438
depot_b,8,altruistic,rule_text_event_trigger,optimizer_process_cpu_seconds_mean,3,3.875,0.05898308152555273,3.8203125,3.9375
depot_b,8,altruistic,rule_text_event_trigger,solver_wall_seconds_mean,3,0.19930716666666667,0.0012060466754372878,0.19834,0.2006585
depot_b,8,altruistic,rule_text_event_trigger,solver_wall_seconds_max,3,0.20919600000000002,0.0018372318852012163,0.207136,0.210665
depot_b,8,altruistic,rule_text_event_trigger,solver_model_variables_max,3,5220.0,0.0,5220.0,5220.0
depot_b,8,altruistic,rule_text_event_trigger,solver_model_constraints_max,3,3454.0,0.0,3454.0,3454.0
depot_b,8,altruistic,rule_text_event_trigger,solver_branch_and_bound_nodes_max,0,,0.0,,
depot_b,8,altruistic,rule_text_event_trigger,solver_iterations_max,0,,0.0,,
depot_b,8,selfish,full_agentic,operationally_feasible,3,1.0,0.0,1.0,1.0
depot_b,8,selfish,full_agentic,mode_aligned_economic_score,3,34.05830081072971,0.7170952711147032,33.64428566291703,34.88633110635507
depot_b,8,selfish,full_agentic,run_wall_seconds,3,79.65243,4.420745153794891,75.953054,84.548255
depot_b,8,selfish,full_agentic,run_process_cpu_seconds,3,13.010416666666666,0.37510849125064244,12.734375,13.4375
depot_b,8,selfish,full_agentic,run_peak_rss_mb,3,343.70300000000003,0.984796933382708,342.64799999999997,344.598
depot_b,8,selfish,full_agentic,llm_latency_seconds,3,67.85293566666667,4.629913814036751,64.304439,73.090164
depot_b,8,selfish,full_agentic,llm_total_tokens,3,130281.33333333333,1609.5988112984344,129033.0,132098.0
depot_b,8,selfish,full_agentic,llm_approximate_cost_usd,3,0.026564393333333335,0.0007709331800054606,0.02577573,0.02731628
depot_b,8,selfish,full_agentic,optimizer_latency_seconds_mean,3,3.3395735555555555,0.11070094633055987,3.2623043333333333,3.4663943333333336
depot_b,8,selfish,full_agentic,optimizer_process_cpu_seconds_mean,3,3.3489583333333335,0.08267972847076846,3.2864583333333335,3.4427083333333335
depot_b,8,selfish,full_agentic,solver_wall_seconds_mean,3,0.10608622222222218,0.004316070413560815,0.10166399999999991,0.1102876666666666
depot_b,8,selfish,full_agentic,solver_wall_seconds_max,3,0.14654266666666668,0.0055595429068704336,0.140344,0.151088
depot_b,8,selfish,full_agentic,solver_model_variables_max,3,5220.0,0.0,5220.0,5220.0
depot_b,8,selfish,full_agentic,solver_model_constraints_max,3,3454.0,0.0,3454.0,3454.0
depot_b,8,selfish,full_agentic,solver_branch_and_bound_nodes_max,0,,0.0,,
depot_b,8,selfish,full_agentic,solver_iterations_max,0,,0.0,,
depot_b,8,selfish,rule_text_event_trigger,operationally_feasible,3,1.0,0.0,1.0,1.0
depot_b,8,selfish,rule_text_event_trigger,mode_aligned_economic_score,3,35.16990837319755,0.0,35.16990837319755,35.16990837319755
depot_b,8,selfish,rule_text_event_trigger,run_wall_seconds,3,8.243691,0.09811530827042227,8.145718,8.341948
depot_b,8,selfish,rule_text_event_trigger,run_process_cpu_seconds,3,8.317708333333334,0.09547032697824666,8.234375,8.421875
depot_b,8,selfish,rule_text_event_trigger,run_peak_rss_mb,3,287.0636666666666,0.6818374684140726,286.562,287.84
depot_b,8,selfish,rule_text_event_trigger,llm_latency_seconds,3,0.0,0.0,0.0,0.0
depot_b,8,selfish,rule_text_event_trigger,llm_total_tokens,3,0.0,0.0,0.0,0.0
depot_b,8,selfish,rule_text_event_trigger,llm_approximate_cost_usd,3,0.0,0.0,0.0,0.0
depot_b,8,selfish,rule_text_event_trigger,optimizer_latency_seconds_mean,3,3.2938903333333336,0.049054931753426505,3.263511,3.350483
depot_b,8,selfish,rule_text_event_trigger,optimizer_process_cpu_seconds_mean,3,3.3463541666666665,0.04302789490067267,3.3046875,3.390625
depot_b,8,selfish,rule_text_event_trigger,solver_wall_seconds_mean,3,0.14342649999999998,0.0019039517457120534,0.141374,0.145135
depot_b,8,selfish,rule_text_event_trigger,solver_wall_seconds_max,3,0.15648966666666667,0.003219474232438165,0.153008,0.159359
depot_b,8,selfish,rule_text_event_trigger,solver_model_variables_max,3,5220.0,0.0,5220.0,5220.0
depot_b,8,selfish,rule_text_event_trigger,solver_model_constraints_max,3,3454.0,0.0,3454.0,3454.0
depot_b,8,selfish,rule_text_event_trigger,solver_branch_and_bound_nodes_max,0,,0.0,,
depot_b,8,selfish,rule_text_event_trigger,solver_iterations_max,0,,0.0,,
